{
  "ETHUSDT_4h": {
    "first_flagged_at": 1776051485.2413132,
    "pending_outcomes": 1,
    "last_flagged_at": 1776051485.2413216,
    "last_pattern_id": "a8ec010cb2ad"
  }
}